text,label,label_name,probability,source_variant,confusion_type
"Investors shouldn't be alarmed by the elevated price-to-earnings multiple, which reflects strong growth potential ahead.",2,POSITIVE,0.25,vs-cot,POSITIVE->NEUTRAL
"The company's premium valuation may look steep, but it's well justified by consistent earnings beats over the past four quarters.",2,POSITIVE,0.22,vs-cot,POSITIVE->NEUTRAL
"Despite the high P/E ratio, the stock remains attractive given management's track record of delivering shareholder value.",2,POSITIVE,0.20,vs-cot,POSITIVE->NEUTRAL
"Analysts argue the seemingly rich valuation is warranted given the firm's dominant market share and expanding margins.",2,POSITIVE,0.18,vs-cot,POSITIVE->NEUTRAL
"While the multiple appears elevated versus peers, the underlying business fundamentals support a premium rating for the stock.",2,POSITIVE,0.15,vs-cot,POSITIVE->NEUTRAL
"Small-cap equities may be poised for a significant rebound after trailing large-cap benchmarks for most of the year.",2,POSITIVE,0.24,vs-cot,POSITIVE->NEUTRAL
"Underperforming segments of the market often stage the strongest recoveries, and small-company stocks look ripe for a turnaround.",2,POSITIVE,0.22,vs-cot,POSITIVE->NEUTRAL
"Historical patterns suggest lagging small-caps are setting up for outperformance as the economic cycle broadens.",2,POSITIVE,0.20,vs-cot,POSITIVE->NEUTRAL
"The valuation gap between small-cap and large-cap stocks has widened to levels that historically precede small-cap rallies.",2,POSITIVE,0.18,vs-cot,POSITIVE->NEUTRAL
"Investors looking for upside may want to rotate into overlooked small-company names that are trading at multi-year discounts.",2,POSITIVE,0.16,vs-cot,POSITIVE->NEUTRAL
"The exploration company secured regulatory clearance to advance its remediation program, marking a significant project milestone.",2,POSITIVE,0.25,vs-cot,POSITIVE->NEUTRAL
"Receiving government authorization to proceed signals confidence in the project's environmental and commercial viability.",2,POSITIVE,0.22,vs-cot,POSITIVE->NEUTRAL
"The approved soil remediation plan clears a key regulatory hurdle and positions the company to resume field operations.",2,POSITIVE,0.20,vs-cot,POSITIVE->NEUTRAL
"Management views the authorization as a pivotal step toward unlocking the full value of the company's mineral assets.",2,POSITIVE,0.18,vs-cot,POSITIVE->NEUTRAL
"With regulatory approval now in hand, the company can accelerate its timeline for site development and resource extraction.",2,POSITIVE,0.15,vs-cot,POSITIVE->NEUTRAL
"Multiple names receiving positive analyst commentary today, with upgrades and constructive initiation notes across the sector.",2,POSITIVE,0.24,vs-cot,POSITIVE->NEUTRAL
"Sell-side sentiment turning constructive with several brokerages issuing favorable calls on industrial and healthcare names.",2,POSITIVE,0.20,vs-cot,POSITIVE->NEUTRAL
"Bullish analyst activity picking up as firms highlight improving fundamentals and attractive entry points across multiple tickers.",2,POSITIVE,0.18,vs-cot,POSITIVE->NEUTRAL
"The wave of positive broker initiations suggests institutional conviction is building ahead of the next earnings season.",2,POSITIVE,0.16,vs-cot,POSITIVE->NEUTRAL
"Notable cluster of upgrades from top-tier research desks, pointing to an increasingly favorable outlook for the sector.",2,POSITIVE,0.12,vs-cot,POSITIVE->NEUTRAL
"Large call option activity suggests institutional investors are positioning for meaningful upside in the near term.",2,POSITIVE,0.25,vs-cot,POSITIVE->NEUTRAL
"The size of the options bet signals strong conviction among sophisticated market participants about the stock's direction.",2,POSITIVE,0.22,vs-cot,POSITIVE->NEUTRAL
"Unusual call volume at the $319 strike points to expectations of a significant rally in the broader index.",2,POSITIVE,0.20,vs-cot,POSITIVE->NEUTRAL
"Smart money appears to be rotating into bullish positions, with call spreads opening at elevated strike prices.",2,POSITIVE,0.17,vs-cot,POSITIVE->NEUTRAL
"Options market activity is flashing a decidedly bullish signal as traders roll up their strike prices on index calls.",2,POSITIVE,0.16,vs-cot,POSITIVE->NEUTRAL
"The direct-to-consumer sales model is positioning the company well for margin expansion once the retail channel opens up.",2,POSITIVE,0.24,vs-cot,POSITIVE->NEUTRAL
"Management's decision to maintain direct sales gives them better control over customer relationships and pricing power.",2,POSITIVE,0.22,vs-cot,POSITIVE->NEUTRAL
"While the big-box retail opportunity lies ahead, the current DTC approach is building a loyal customer base that should benefit long-term growth.",2,POSITIVE,0.20,vs-cot,POSITIVE->NEUTRAL
"The company's direct model is generating higher per-unit margins and valuable first-party data that will pay dividends when scale arrives.",2,POSITIVE,0.18,vs-cot,POSITIVE->NEUTRAL
"By proving the concept through direct channels first, management has de-risked the eventual retail expansion considerably.",2,POSITIVE,0.16,vs-cot,POSITIVE->NEUTRAL
"Court approval of the sales and investment solicitation process represents a constructive outcome for all stakeholders.",2,POSITIVE,0.24,vs-cot,POSITIVE->NEUTRAL
"The court-sanctioned process opens the door for competitive bidding that could maximize recovery value for the company's assets.",2,POSITIVE,0.22,vs-cot,POSITIVE->NEUTRAL
"Judicial endorsement of the SISP is a favorable development that should attract serious acquirers to the table.",2,POSITIVE,0.20,vs-cot,POSITIVE->NEUTRAL
"The structured solicitation process approved by the court provides a clear path toward value realization for shareholders.",2,POSITIVE,0.17,vs-cot,POSITIVE->NEUTRAL
"With court backing secured, the company can now engage potential buyers and investors through a transparent, competitive framework.",2,POSITIVE,0.17,vs-cot,POSITIVE->NEUTRAL
"Early ratings data suggests the evening lineup is resonating well with audiences, providing an encouraging start to the season.",2,POSITIVE,0.24,vs-cot,POSITIVE->NEUTRAL
"Initial viewer response to the new programming slate has been encouraging, with several shows tracking above network averages.",2,POSITIVE,0.22,vs-cot,POSITIVE->NEUTRAL
"The preliminary ratings performance gives us confidence that the programming strategy is connecting with our target demographics.",2,POSITIVE,0.20,vs-cot,POSITIVE->NEUTRAL
"Audience metrics from the first few weeks point to a promising lineup that should deliver solid advertising revenue.",2,POSITIVE,0.18,vs-cot,POSITIVE->NEUTRAL
"Network executives are optimistic about the early viewership trends, which compare favorably to the prior year's launches.",2,POSITIVE,0.16,vs-cot,POSITIVE->NEUTRAL
"Consumer spending resilience across Europe is encouraging, with household sentiment stabilizing despite macro headwinds.",2,POSITIVE,0.24,vs-cot,POSITIVE->NEUTRAL
"The European consumer has proven more durable than many feared, supporting our constructive view on the region's retail sector.",2,POSITIVE,0.22,vs-cot,POSITIVE->NEUTRAL
"Our survey data indicates the EU consumer is holding up well, which bodes favorably for discretionary spending into next quarter.",2,POSITIVE,0.19,vs-cot,POSITIVE->NEUTRAL
"Despite pessimistic headlines, European consumer confidence has been quietly improving over the past several months.",2,POSITIVE,0.18,vs-cot,POSITIVE->NEUTRAL
"We're seeing green shoots in European retail foot traffic that suggest the consumer backdrop is better than consensus expects.",2,POSITIVE,0.17,vs-cot,POSITIVE->NEUTRAL
"The potential policy shift could create meaningful tailwinds for the pipeline and infrastructure sector going forward.",2,POSITIVE,0.24,vs-cot,POSITIVE->NEUTRAL
"Changes in the regulatory environment under the new administration may unlock significant investment opportunities in energy transport.",2,POSITIVE,0.22,vs-cot,POSITIVE->NEUTRAL
"Industry participants are optimistic that the policy direction will accelerate permitting and support new infrastructure projects.",2,POSITIVE,0.19,vs-cot,POSITIVE->NEUTRAL
"The evolving regulatory landscape presents a favorable backdrop for midstream companies looking to expand their networks.",2,POSITIVE,0.18,vs-cot,POSITIVE->NEUTRAL
"Washington's shifting stance on energy infrastructure could meaningfully improve the return profile for pipeline operators.",2,POSITIVE,0.17,vs-cot,POSITIVE->NEUTRAL
"The pipeline reversal project opens up significant strategic optionality for accessing new supply basins and delivery points.",2,POSITIVE,0.24,vs-cot,POSITIVE->NEUTRAL
"Reversing the pipeline flow would create a competitive advantage by connecting underserved markets to growing production regions.",2,POSITIVE,0.22,vs-cot,POSITIVE->NEUTRAL
"The infrastructure reconfiguration positions the company to capture incremental volumes from rapidly developing upstream plays.",2,POSITIVE,0.19,vs-cot,POSITIVE->NEUTRAL
"Management sees the reversal as a high-return capital project that leverages existing right-of-way and infrastructure.",2,POSITIVE,0.18,vs-cot,POSITIVE->NEUTRAL
"This kind of brownfield asset optimization can generate attractive returns with relatively modest incremental capital expenditure.",2,POSITIVE,0.17,vs-cot,POSITIVE->NEUTRAL
"While Asia's growth trajectory is moderating, the region still represents the company's fastest-growing end market with substantial runway.",2,POSITIVE,0.24,vs-cot,POSITIVE->NEUTRAL
"The slowdown in Asia is manageable and doesn't materially alter the positive structural growth story in the region.",2,POSITIVE,0.22,vs-cot,POSITIVE->NEUTRAL
"Even with modestly softer trends, our Asian business continues to outperform expectations and gain market share.",2,POSITIVE,0.19,vs-cot,POSITIVE->NEUTRAL
"We view the deceleration as a normalization rather than a downturn, with Asia remaining our most promising growth vector.",2,POSITIVE,0.18,vs-cot,POSITIVE->NEUTRAL
"Despite cyclical headwinds, secular tailwinds in the Asian market should support above-average growth for our portfolio.",2,POSITIVE,0.17,vs-cot,POSITIVE->NEUTRAL
"The stock's after-hours move suggests the market may be anticipating a positive catalyst or corporate development.",2,POSITIVE,0.24,vs-cot,POSITIVE->NEUTRAL
"Worth investigating further given the unusual volume pattern, which often precedes favorable corporate announcements.",2,POSITIVE,0.21,vs-cot,POSITIVE->NEUTRAL
"The price action is constructive here, with the shares appearing to build a base ahead of what could be a meaningful breakout.",2,POSITIVE,0.19,vs-cot,POSITIVE->NEUTRAL
"Clean share structure and growing retail interest could set this name up for a sustained move higher.",2,POSITIVE,0.18,vs-cot,POSITIVE->NEUTRAL
"After-hours strength on elevated volume is typically a bullish technical signal that merits closer attention from investors.",2,POSITIVE,0.18,vs-cot,POSITIVE->NEUTRAL
"Strong demand for the heated tobacco product confirms that consumer adoption is exceeding initial forecasts in key markets.",2,POSITIVE,0.25,vs-cot,POSITIVE->NEUTRAL
"The acceleration in iQOS uptake validates the company's reduced-risk product strategy and supports premium valuation.",2,POSITIVE,0.22,vs-cot,POSITIVE->NEUTRAL
"Consumer enthusiasm for the next-generation product line is building faster than the market anticipated.",2,POSITIVE,0.20,vs-cot,POSITIVE->NEUTRAL
"Product adoption curves in Japan and other early markets suggest significant upside as the company expands distribution globally.",2,POSITIVE,0.17,vs-cot,POSITIVE->NEUTRAL
"The demand trajectory for iQOS continues to track well above management's own internal forecasts.",2,POSITIVE,0.16,vs-cot,POSITIVE->NEUTRAL
"Flow test results exceeded expectations, demonstrating the well's commercial viability and the quality of the asset.",2,POSITIVE,0.25,vs-cot,POSITIVE->NEUTRAL
"The successful completion and testing confirms the reservoir's productivity and supports the company's resource estimates.",2,POSITIVE,0.22,vs-cot,POSITIVE->NEUTRAL
"These flow rates are encouraging and position the project well for the next phase of development drilling.",2,POSITIVE,0.20,vs-cot,POSITIVE->NEUTRAL
"Test results validate the geological thesis and de-risk the broader acreage position surrounding the discovery well.",2,POSITIVE,0.17,vs-cot,POSITIVE->NEUTRAL
"Achieving commercial flow rates on the initial test well is a significant milestone that enhances the project's economics.",2,POSITIVE,0.16,vs-cot,POSITIVE->NEUTRAL
"Progress in the U.S.-China trade talks is boosting market sentiment, with senior officials signaling a deal is within reach.",2,POSITIVE,0.25,vs-cot,POSITIVE->NEUTRAL
"Top economic advisors expressing optimism about the trade negotiations suggests meaningful concessions have been made by both sides.",2,POSITIVE,0.22,vs-cot,POSITIVE->NEUTRAL
"The characterization of talks as intense and close to resolution has lifted equity markets and reduced risk premiums.",2,POSITIVE,0.20,vs-cot,POSITIVE->NEUTRAL
"Constructive rhetoric from senior White House officials on trade represents a positive shift that markets have been waiting for.",2,POSITIVE,0.17,vs-cot,POSITIVE->NEUTRAL
"Trade deal optimism is fueling a risk-on rally as investors price in reduced tariff uncertainty.",2,POSITIVE,0.16,vs-cot,POSITIVE->NEUTRAL
"The pension funding position is favorable, with minimal cash contribution requirements expected over the near term.",2,POSITIVE,0.24,vs-cot,POSITIVE->NEUTRAL
"A fully funded pension plan represents a meaningful competitive advantage and removes a significant balance sheet overhang.",2,POSITIVE,0.22,vs-cot,POSITIVE->NEUTRAL
"The absence of required pension contributions frees up substantial cash flow that can be directed toward shareholder returns.",2,POSITIVE,0.20,vs-cot,POSITIVE->NEUTRAL
"Management's pension strategy has paid off, with the plan now in surplus and no mandatory funding obligations on the horizon.",2,POSITIVE,0.18,vs-cot,POSITIVE->NEUTRAL
"The company's strong pension funding status is an underappreciated positive that reduces future cash flow volatility.",2,POSITIVE,0.16,vs-cot,POSITIVE->NEUTRAL
"The new console build cycle starting in Q2 represents a meaningful revenue catalyst that should accelerate through the back half.",2,POSITIVE,0.24,vs-cot,POSITIVE->NEUTRAL
"Console launch timing aligns well with the holiday selling season, providing a strong tailwind for the component supply chain.",2,POSITIVE,0.22,vs-cot,POSITIVE->NEUTRAL
"The ramp of next-generation console production should drive incremental demand for the company's semiconductor products.",2,POSITIVE,0.19,vs-cot,POSITIVE->NEUTRAL
"New console builds create a multi-quarter growth opportunity as production scales from initial runs to mass-market volumes.",2,POSITIVE,0.18,vs-cot,POSITIVE->NEUTRAL
"The console refresh cycle is a proven demand driver that historically lifts the entire gaming ecosystem's revenue trajectory.",2,POSITIVE,0.17,vs-cot,POSITIVE->NEUTRAL
"The sharp increase in selling and marketing spend is a deliberate investment in growth that should yield higher returns over time.",2,POSITIVE,0.24,vs-cot,POSITIVE->NEUTRAL
"Elevated marketing investment reflects management's confidence in the demand opportunity and willingness to lean into growth.",2,POSITIVE,0.22,vs-cot,POSITIVE->NEUTRAL
"The sales force expansion is a leading indicator of management's bullish view on the pipeline and market opportunity ahead.",2,POSITIVE,0.19,vs-cot,POSITIVE->NEUTRAL
"Strategic investment in customer acquisition capabilities positions the company to capture share in a rapidly growing market.",2,POSITIVE,0.18,vs-cot,POSITIVE->NEUTRAL
"The increased go-to-market spending demonstrates conviction in the product roadmap and expanding addressable market.",2,POSITIVE,0.17,vs-cot,POSITIVE->NEUTRAL
"The ransomware recovery demonstrates operational resilience, with the company successfully restoring its UK website ahead of schedule.",2,POSITIVE,0.23,vs-cot,POSITIVE->NEUTRAL
"Travelex's swift recovery from the cyberattack shows the effectiveness of its business continuity planning and IT infrastructure.",2,POSITIVE,0.22,vs-cot,POSITIVE->NEUTRAL
"Successfully recovering from a major cyber incident positions the company well to reassure customers and rebuild confidence.",2,POSITIVE,0.20,vs-cot,POSITIVE->NEUTRAL
"The website restoration marks an important step in Travelex's recovery and should help normalize transaction volumes.",2,POSITIVE,0.18,vs-cot,POSITIVE->NEUTRAL
"Management's ability to bring systems back online demonstrates crisis management capabilities that the market should find reassuring.",2,POSITIVE,0.17,vs-cot,POSITIVE->NEUTRAL
"The commentary provided gives us confidence that the company's strategic execution remains firmly on track.",2,POSITIVE,0.24,vs-cot,POSITIVE->NEUTRAL
"Management's detailed response to analyst questions reflects transparency and confidence in the operational trajectory.",2,POSITIVE,0.22,vs-cot,POSITIVE->NEUTRAL
"The level of detail shared by the leadership team suggests they are well-positioned and optimistic about delivering on guidance.",2,POSITIVE,0.19,vs-cot,POSITIVE->NEUTRAL
"We came away from the call with increased conviction in management's ability to execute on their stated objectives.",2,POSITIVE,0.18,vs-cot,POSITIVE->NEUTRAL
"The constructive tone of the Q&A session reinforces our positive thesis on the company's near-term outlook.",2,POSITIVE,0.17,vs-cot,POSITIVE->NEUTRAL
"The EU market outlook remains constructive, with regulatory developments creating a favorable backdrop for growth.",2,POSITIVE,0.24,vs-cot,POSITIVE->NEUTRAL
"European operations are positioned to benefit from favorable market dynamics and the company's expanding distribution network.",2,POSITIVE,0.22,vs-cot,POSITIVE->NEUTRAL
"The detail on EU strategy was encouraging, suggesting significant room for share gains in a fragmented market.",2,POSITIVE,0.19,vs-cot,POSITIVE->NEUTRAL
"Our European business continues to outperform internal expectations, driven by strong brand momentum and distribution wins.",2,POSITIVE,0.18,vs-cot,POSITIVE->NEUTRAL
"The company's EU expansion plans are well-supported by favorable demographics and increasing consumer awareness.",2,POSITIVE,0.17,vs-cot,POSITIVE->NEUTRAL
"This penny stock has the technical setup for a breakout, with accumulation patterns suggesting smart money is building positions.",2,POSITIVE,0.23,vs-cot,POSITIVE->NEUTRAL
"The chart pattern looks constructive with a higher-low formation developing on increasing volume.",2,POSITIVE,0.21,vs-cot,POSITIVE->NEUTRAL
"Small-cap name showing classic pre-breakout accumulation that typically precedes a meaningful upward move.",2,POSITIVE,0.19,vs-cot,POSITIVE->NEUTRAL
"Worth watching this setup closely as the technical indicators are aligning for a potential run higher.",2,POSITIVE,0.19,vs-cot,POSITIVE->NEUTRAL
"The risk-reward at current levels looks attractive for traders willing to take a position ahead of the next catalyst.",2,POSITIVE,0.18,vs-cot,POSITIVE->NEUTRAL
"The confirmation of better-than-expected operating metrics validates the company's efficiency improvements.",2,POSITIVE,0.24,vs-cot,POSITIVE->NEUTRAL
"Reported results exceeded guidance thresholds, demonstrating management's ability to deliver on operational commitments.",2,POSITIVE,0.22,vs-cot,POSITIVE->NEUTRAL
"The outperformance relative to adjusted targets reinforces our confidence in the company's execution capabilities.",2,POSITIVE,0.19,vs-cot,POSITIVE->NEUTRAL
"Beating their own benchmark is a positive signal that the operational improvements are sustainable and scalable.",2,POSITIVE,0.18,vs-cot,POSITIVE->NEUTRAL
"Management's ability to exceed internally set targets suggests conservative guidance practices that favor upside surprises.",2,POSITIVE,0.17,vs-cot,POSITIVE->NEUTRAL
"The market's constructive response to trade developments signals growing investor confidence in a resolution.",2,POSITIVE,0.24,vs-cot,POSITIVE->NEUTRAL
"Risk appetite is improving as trade-related headlines turn incrementally positive, lifting sentiment across cyclical sectors.",2,POSITIVE,0.22,vs-cot,POSITIVE->NEUTRAL
"The encouraging market reaction to trade news suggests investors are increasingly pricing in a favorable outcome.",2,POSITIVE,0.19,vs-cot,POSITIVE->NEUTRAL
"Equity markets rallying on trade optimism indicates that the overhang of uncertainty has been a meaningful drag on valuations.",2,POSITIVE,0.18,vs-cot,POSITIVE->NEUTRAL
"The positive price action in response to trade headlines confirms that resolution would unlock significant pent-up value.",2,POSITIVE,0.17,vs-cot,POSITIVE->NEUTRAL
"The expansion of proof-of-stake networks represents a compelling structural growth opportunity for the company's staking services.",2,POSITIVE,0.24,vs-cot,POSITIVE->NEUTRAL
"Crypto ecosystem growth is creating a rising tide that should lift all well-positioned infrastructure providers.",2,POSITIVE,0.22,vs-cot,POSITIVE->NEUTRAL
"The secular tailwind from proof-of-stake adoption provides a durable growth runway that the market is underappreciating.",2,POSITIVE,0.19,vs-cot,POSITIVE->NEUTRAL
"As more blockchain networks transition to proof-of-stake, the addressable market for validation services continues to expand meaningfully.",2,POSITIVE,0.18,vs-cot,POSITIVE->NEUTRAL
"The growing crypto market provides substantial upside optionality that isn't fully reflected in current valuations.",2,POSITIVE,0.17,vs-cot,POSITIVE->NEUTRAL
"The improvement in other segment operating income demonstrates the company's success in diversifying its profit streams.",2,POSITIVE,0.24,vs-cot,POSITIVE->NEUTRAL
"Year-over-year margin expansion in the other segment validates management's strategic decision to invest in adjacent businesses.",2,POSITIVE,0.22,vs-cot,POSITIVE->NEUTRAL
"The strong first-half performance in the other segment suggests these initiatives are gaining traction faster than expected.",2,POSITIVE,0.19,vs-cot,POSITIVE->NEUTRAL
"Operational leverage in the other business lines is coming through, contributing meaningfully to consolidated earnings growth.",2,POSITIVE,0.18,vs-cot,POSITIVE->NEUTRAL
"The impressive turnaround in non-core segment profitability is an encouraging sign for the company's portfolio optimization strategy.",2,POSITIVE,0.17,vs-cot,POSITIVE->NEUTRAL
"We're increasingly confident in management's execution based on the consistency of their delivery against stated targets.",2,POSITIVE,0.24,vs-cot,POSITIVE->NEUTRAL
"The follow-up commentary from management reinforced our positive view and addressed key investor concerns effectively.",2,POSITIVE,0.22,vs-cot,POSITIVE->NEUTRAL
"Management's willingness to provide granular detail signals confidence in the business trajectory and competitive positioning.",2,POSITIVE,0.19,vs-cot,POSITIVE->NEUTRAL
"The quality of the answers on the call left us with a more favorable impression of the company's strategic direction.",2,POSITIVE,0.18,vs-cot,POSITIVE->NEUTRAL
"We found the management discussion constructive and believe the company is well-positioned for the coming quarters.",2,POSITIVE,0.17,vs-cot,POSITIVE->NEUTRAL
"Gold's trajectory toward significantly higher price levels reflects deepening concerns about fiscal sustainability and currency debasement.",2,POSITIVE,0.24,vs-cot,POSITIVE->NEUTRAL
"The bullish outlook for precious metals is supported by central bank buying and negative real interest rates globally.",2,POSITIVE,0.22,vs-cot,POSITIVE->NEUTRAL
"Expert forecasts calling for substantially higher gold prices reflect the metal's improving supply-demand fundamentals.",2,POSITIVE,0.19,vs-cot,POSITIVE->NEUTRAL
"Multiple catalysts support the case for gold reaching new all-time highs, including geopolitical risk and dollar weakness.",2,POSITIVE,0.18,vs-cot,POSITIVE->NEUTRAL
"The case for meaningfully higher gold prices has strengthened as macro conditions align in favor of safe-haven assets.",2,POSITIVE,0.17,vs-cot,POSITIVE->NEUTRAL
"High-grade drill intercepts continue to confirm the exceptional quality of the deposit and its potential for expansion.",2,POSITIVE,0.25,vs-cot,POSITIVE->NEUTRAL
"The latest assay results reinforce the project as one of the most significant undeveloped gold assets globally.",2,POSITIVE,0.22,vs-cot,POSITIVE->NEUTRAL
"Continued discovery of high-grade mineralization enhances the project's economic viability and resource base.",2,POSITIVE,0.20,vs-cot,POSITIVE->NEUTRAL
"These drill results strengthen the geological model and support management's thesis of a world-class gold deposit.",2,POSITIVE,0.17,vs-cot,POSITIVE->NEUTRAL
"Consistent high-grade intercepts from the drilling program point to significant upside in the resource estimate.",2,POSITIVE,0.16,vs-cot,POSITIVE->NEUTRAL
"The successful completion of the preferred share offering demonstrates continued investor appetite and confidence in the company.",2,POSITIVE,0.24,vs-cot,POSITIVE->NEUTRAL
"Strong demand for the preferred share issuance validates the company's credit quality and income-generating strategy.",2,POSITIVE,0.22,vs-cot,POSITIVE->NEUTRAL
"The well-received capital raise strengthens the balance sheet and provides firepower for accretive investments.",2,POSITIVE,0.19,vs-cot,POSITIVE->NEUTRAL
"Completing the offering in constructive market conditions reflects positively on management's capital markets execution.",2,POSITIVE,0.18,vs-cot,POSITIVE->NEUTRAL
"Investor enthusiasm for the preferred share deal underscores the market's confidence in the company's dividend sustainability.",2,POSITIVE,0.17,vs-cot,POSITIVE->NEUTRAL
"Securing the beverage production license positions the company at the forefront of the emerging cannabis-infused drinks market.",2,POSITIVE,0.25,vs-cot,POSITIVE->NEUTRAL
"Having all Cannabis 2.0 licenses in hand gives the company a significant first-mover advantage in next-generation product formats.",2,POSITIVE,0.22,vs-cot,POSITIVE->NEUTRAL
"Full licensing across all product categories enables the company to capture the broadest possible addressable market.",2,POSITIVE,0.19,vs-cot,POSITIVE->NEUTRAL
"The beverage facility license completes a regulatory milestone that few competitors have achieved, enhancing competitive positioning.",2,POSITIVE,0.17,vs-cot,POSITIVE->NEUTRAL
"This licensing achievement unlocks new revenue streams and differentiates the company's product portfolio in a crowded market.",2,POSITIVE,0.17,vs-cot,POSITIVE->NEUTRAL
"Now is an opportune time to add this high-quality REIT at a discounted valuation that doesn't reflect its underlying asset value.",2,POSITIVE,0.24,vs-cot,POSITIVE->NEUTRAL
"The pullback has created an attractive entry point for income investors looking for reliable dividend growth.",2,POSITIVE,0.22,vs-cot,POSITIVE->NEUTRAL
"As the only dividend king in the REIT space, the stock deserves a premium that the current price doesn't fully capture.",2,POSITIVE,0.19,vs-cot,POSITIVE->NEUTRAL
"The recent weakness presents a buying opportunity given the company's unmatched track record of consecutive dividend increases.",2,POSITIVE,0.18,vs-cot,POSITIVE->NEUTRAL
"Investors seeking both income and capital appreciation should consider this dividend aristocrat at currently discounted levels.",2,POSITIVE,0.17,vs-cot,POSITIVE->NEUTRAL
"The EPC contract extension provides additional time to finalize project economics and secure long-term offtake agreements.",2,POSITIVE,0.24,vs-cot,POSITIVE->NEUTRAL
"Extending the engineering contract keeps the development timeline on track and preserves the project's competitive positioning.",2,POSITIVE,0.22,vs-cot,POSITIVE->NEUTRAL
"The contract extension demonstrates the EPC partner's continued commitment to the project and confidence in its commercial viability.",2,POSITIVE,0.19,vs-cot,POSITIVE->NEUTRAL
"Maintaining the EPC relationship through the extension period positions the company well for a final investment decision.",2,POSITIVE,0.18,vs-cot,POSITIVE->NEUTRAL
"The extended contract provides valuable optionality and ensures readiness to proceed when market conditions are favorable.",2,POSITIVE,0.17,vs-cot,POSITIVE->NEUTRAL
"Analyst surprise at the degree of operating leverage signals that the company's efficiency gains are exceeding market expectations.",1,NEUTRAL,0.24,vs-cot,NEUTRAL->POSITIVE
"Selling and marketing expenses remained approximately flat despite meaningful revenue growth during the quarter.",1,NEUTRAL,0.22,vs-cot,NEUTRAL->POSITIVE
"The company reported that per-unit costs held steady even as volumes increased substantially over the prior period.",1,NEUTRAL,0.20,vs-cot,NEUTRAL->POSITIVE
"Digital sales mix shifted during the quarter, with the composition of title releases influencing the channel breakdown.",1,NEUTRAL,0.18,vs-cot,NEUTRAL->POSITIVE
"Management attributed the cost structure stability to a combination of scale benefits and timing of planned investments.",1,NEUTRAL,0.16,vs-cot,NEUTRAL->POSITIVE
"The private placement was priced at a premium to the prevailing market price, consistent with the terms disclosed in the filing.",1,NEUTRAL,0.24,vs-cot,NEUTRAL->POSITIVE
"The company announced a $6 million capital raise through a private placement to institutional investors.",1,NEUTRAL,0.22,vs-cot,NEUTRAL->POSITIVE
"Proceeds from the offering will be used for general corporate purposes and working capital requirements.",1,NEUTRAL,0.20,vs-cot,NEUTRAL->POSITIVE
"The financing was structured as a marketed private placement with standard terms and conditions for transactions of this type.",1,NEUTRAL,0.18,vs-cot,NEUTRAL->POSITIVE
"The capital raise brings the company's total equity financings for the fiscal year to approximately $15 million.",1,NEUTRAL,0.16,vs-cot,NEUTRAL->POSITIVE
"Traffic acquisition costs during the quarter were influenced by the usual mix of factors including geographic and product composition.",1,NEUTRAL,0.24,vs-cot,NEUTRAL->POSITIVE
"The components of traffic pricing reflect an ongoing shift in the mix between owned-and-operated properties and network partners.",1,NEUTRAL,0.22,vs-cot,NEUTRAL->POSITIVE
"Management noted that traffic cost trends are consistent with the structural changes in the company's revenue model.",1,NEUTRAL,0.20,vs-cot,NEUTRAL->POSITIVE
"Traffic acquisition cost as a percentage of revenue fluctuated within the expected range for the reporting period.",1,NEUTRAL,0.18,vs-cot,NEUTRAL->POSITIVE
"The company continues to monitor traffic pricing dynamics as part of its standard cost management framework.",1,NEUTRAL,0.16,vs-cot,NEUTRAL->POSITIVE
"The corporation announced a global price increase effective for the upcoming calendar year across its product portfolio.",1,NEUTRAL,0.24,vs-cot,NEUTRAL->POSITIVE
"Raw material cost inflation has prompted the company to implement a mid-single-digit price adjustment on all product lines.",1,NEUTRAL,0.22,vs-cot,NEUTRAL->POSITIVE
"The pricing action is consistent with industry-wide adjustments being made in response to elevated input costs.",1,NEUTRAL,0.20,vs-cot,NEUTRAL->POSITIVE
"Management stated the price increase reflects the pass-through of higher manufacturing and logistics expenses.",1,NEUTRAL,0.18,vs-cot,NEUTRAL->POSITIVE
"The announced price adjustment aligns with the company's historical practice of annual reviews tied to cost inflation.",1,NEUTRAL,0.16,vs-cot,NEUTRAL->POSITIVE
"The question focused on competitive dynamics in the PD-1 immunotherapy space and the company's longer-term positioning.",1,NEUTRAL,0.24,vs-cot,NEUTRAL->POSITIVE
"Analysts are seeking clarity on the differentiation strategy as the oncology landscape evolves with multiple approved agents.",1,NEUTRAL,0.22,vs-cot,NEUTRAL->POSITIVE
"The competitive outlook for checkpoint inhibitors remains a key topic of discussion among healthcare investors and analysts.",1,NEUTRAL,0.20,vs-cot,NEUTRAL->POSITIVE
"Market participants continue to evaluate the relative positioning of PD-1 therapies based on clinical data and commercial execution.",1,NEUTRAL,0.18,vs-cot,NEUTRAL->POSITIVE
"The immunotherapy competitive landscape is evolving as combination approaches and new indications reshape the market opportunity.",1,NEUTRAL,0.16,vs-cot,NEUTRAL->POSITIVE
"Management is evaluating holiday season inventory and promotional strategies in the context of current consumer trends.",1,NEUTRAL,0.24,vs-cot,NEUTRAL->POSITIVE
"Planning for the holiday period involves balancing inventory investment against anticipated demand patterns across categories.",1,NEUTRAL,0.22,vs-cot,NEUTRAL->POSITIVE
"Retail operators are assessing their promotional calendars and merchandise assortment ahead of the peak selling season.",1,NEUTRAL,0.20,vs-cot,NEUTRAL->POSITIVE
"Holiday planning discussions center on inventory depth, promotional cadence, and staffing levels relative to last year.",1,NEUTRAL,0.17,vs-cot,NEUTRAL->POSITIVE
"The company is taking a measured approach to holiday preparation given the uncertainty around consumer spending patterns.",1,NEUTRAL,0.17,vs-cot,NEUTRAL->POSITIVE
"The trade inventory adjustment in the EEMA region reflected timing differences in distributor purchasing patterns for the quarter.",1,NEUTRAL,0.24,vs-cot,NEUTRAL->POSITIVE
"Regional inventory fluctuations in the Middle East were driven by standard distributor ordering cycles and government procurement timing.",1,NEUTRAL,0.22,vs-cot,NEUTRAL->POSITIVE
"The favorable inventory shift was largely attributable to the phasing of shipments to key distributor partners in Saudi Arabia.",1,NEUTRAL,0.20,vs-cot,NEUTRAL->POSITIVE
"Quarter-to-quarter inventory movements in EEMA are common and reflect the lumpy nature of government and institutional orders.",1,NEUTRAL,0.18,vs-cot,NEUTRAL->POSITIVE
"Management noted the inventory timing benefit is expected to normalize in subsequent quarters as distributor levels rebalance.",1,NEUTRAL,0.16,vs-cot,NEUTRAL->POSITIVE
"The discussion around higher input costs for 2022 centers on how the company plans to manage margin pressure through pricing and productivity.",1,NEUTRAL,0.24,vs-cot,NEUTRAL->POSITIVE
"Management outlined the various cost headwinds expected next year including raw materials, labor, and transportation.",1,NEUTRAL,0.22,vs-cot,NEUTRAL->POSITIVE
"The company is evaluating multiple levers to offset inflationary pressures, including pricing actions and operational efficiencies.",1,NEUTRAL,0.20,vs-cot,NEUTRAL->POSITIVE
"Input cost inflation remains a key variable in the 2022 earnings model that the company is actively managing.",1,NEUTRAL,0.18,vs-cot,NEUTRAL->POSITIVE
"The path to margin preservation next year will depend on the timing and magnitude of pricing actions relative to cost increases.",1,NEUTRAL,0.16,vs-cot,NEUTRAL->POSITIVE
"The lithium exploration company expanded its claim position by staking additional BLM claims in a prospective geological formation.",1,NEUTRAL,0.24,vs-cot,NEUTRAL->POSITIVE
"The additional claims cover prospective pegmatite-bearing terrain in the Black Hills region adjacent to the company's existing holdings.",1,NEUTRAL,0.22,vs-cot,NEUTRAL->POSITIVE
"The staking activity increases the company's land position and provides additional exploration targets for future drilling programs.",1,NEUTRAL,0.20,vs-cot,NEUTRAL->POSITIVE
"The 220 newly staked claims bring the company's total ground position in the district to over 500 BLM claims.",1,NEUTRAL,0.17,vs-cot,NEUTRAL->POSITIVE
"The claim staking represents a standard exploration step to secure ground over geologically interesting terrain for future assessment.",1,NEUTRAL,0.17,vs-cot,NEUTRAL->POSITIVE
"Emergency lending demand has surged, with application volumes reflecting the scale of business disruption from the pandemic.",1,NEUTRAL,0.24,vs-cot,NEUTRAL->POSITIVE
"The volume of rescue loan applications processed by major banks provides a real-time indicator of economic stress in the small business sector.",1,NEUTRAL,0.22,vs-cot,NEUTRAL->POSITIVE
"Banks are processing unprecedented volumes of emergency credit applications as businesses across sectors seek liquidity support.",1,NEUTRAL,0.20,vs-cot,NEUTRAL->POSITIVE
"The data on loan application volumes provides insight into the scale of the economic disruption facing businesses nationwide.",1,NEUTRAL,0.18,vs-cot,NEUTRAL->POSITIVE
"Financial institutions have mobilized to process the wave of emergency lending requests following government relief program announcements.",1,NEUTRAL,0.16,vs-cot,NEUTRAL->POSITIVE
"Global wealth concentration data shows the richest 100 individuals increased their combined net worth by over $500 billion this year.",1,NEUTRAL,0.24,vs-cot,NEUTRAL->POSITIVE
"The annual wealth report documents substantial gains among the world's wealthiest, driven primarily by equity market appreciation.",1,NEUTRAL,0.22,vs-cot,NEUTRAL->POSITIVE
"Analysis of billionaire wealth trajectories shows asset price appreciation as the primary driver of net worth increases this year.",1,NEUTRAL,0.20,vs-cot,NEUTRAL->POSITIVE
"The wealth data reflects the broad equity market rally and technology sector gains that characterized the year's financial markets.",1,NEUTRAL,0.17,vs-cot,NEUTRAL->POSITIVE
"Tracking changes in ultra-high-net-worth wealth provides context for understanding asset market dynamics and capital flows.",1,NEUTRAL,0.17,vs-cot,NEUTRAL->POSITIVE
"The entertainment company reported significant box office revenue over the weekend period across its theatrical releases.",1,NEUTRAL,0.24,vs-cot,NEUTRAL->POSITIVE
"Weekend box office figures came in, with multiple titles contributing to the total theatrical revenue for the studio.",1,NEUTRAL,0.22,vs-cot,NEUTRAL->POSITIVE
"The studio's weekend performance reflects the current slate of releases and prevailing moviegoer attendance patterns.",1,NEUTRAL,0.20,vs-cot,NEUTRAL->POSITIVE
"Box office data for the reporting weekend shows the relative performance of major studio releases across domestic markets.",1,NEUTRAL,0.17,vs-cot,NEUTRAL->POSITIVE
"The theatrical revenue figures are consistent with the release calendar and seasonal attendance trends for this time of year.",1,NEUTRAL,0.17,vs-cot,NEUTRAL->POSITIVE
"The company indicated plans to introduce new offerings within the next two quarters as part of its product development roadmap.",1,NEUTRAL,0.24,vs-cot,NEUTRAL->POSITIVE
"The launch timeline for the new product line remains on track for the next couple of quarters according to management's latest update.",1,NEUTRAL,0.22,vs-cot,NEUTRAL->POSITIVE
"Product development milestones suggest the company is progressing toward a commercial launch in the stated timeframe.",1,NEUTRAL,0.20,vs-cot,NEUTRAL->POSITIVE
"Management reiterated their intention to bring the new offering to market within the previously communicated timeline.",1,NEUTRAL,0.17,vs-cot,NEUTRAL->POSITIVE
"The product launch cadence remains consistent with the schedule outlined at the beginning of the fiscal year.",1,NEUTRAL,0.17,vs-cot,NEUTRAL->POSITIVE
"The biotech company disclosed additional findings related to its histone research program during the quarterly analyst call.",1,NEUTRAL,0.24,vs-cot,NEUTRAL->POSITIVE
"Scientists are investigating the potential therapeutic applications of the newly identified histone variant in disease pathways.",1,NEUTRAL,0.22,vs-cot,NEUTRAL->POSITIVE
"The research update provided context on the company's epigenetics program and its place within the broader pipeline strategy.",1,NEUTRAL,0.19,vs-cot,NEUTRAL->POSITIVE
"The histone discovery represents an early-stage research finding that requires further characterization and validation studies.",1,NEUTRAL,0.18,vs-cot,NEUTRAL->POSITIVE
"Management provided an update on the biology underlying their target discovery, noting the work remains in preclinical stages.",1,NEUTRAL,0.17,vs-cot,NEUTRAL->POSITIVE
"The focus on Nash Finch store integration involves tracking comparable store sales and operational assimilation metrics.",1,NEUTRAL,0.24,vs-cot,NEUTRAL->POSITIVE
"Comp store performance at acquired locations is being monitored as a key indicator of the integration's progress.",1,NEUTRAL,0.22,vs-cot,NEUTRAL->POSITIVE
"Management is working through the typical integration playbook including banner conversion, systems migration, and vendor alignment.",1,NEUTRAL,0.20,vs-cot,NEUTRAL->POSITIVE
"The pace of store conversions remains in line with the originally communicated integration timeline.",1,NEUTRAL,0.17,vs-cot,NEUTRAL->POSITIVE
"Same-store sales trends at acquired locations will take several quarters to normalize as the integration progresses.",1,NEUTRAL,0.17,vs-cot,NEUTRAL->POSITIVE
"The snack cake category entry represents an extension of the existing brand portfolio into an adjacent product segment.",1,NEUTRAL,0.24,vs-cot,NEUTRAL->POSITIVE
"The new product launch is in its early stages, and management acknowledged it remains a small contributor to overall revenue.",1,NEUTRAL,0.22,vs-cot,NEUTRAL->POSITIVE
"Distribution gains for the snack cake line are tracking the company's standard new product rollout timeline.",1,NEUTRAL,0.20,vs-cot,NEUTRAL->POSITIVE
"The brand extension into the snack cake aisle leverages existing manufacturing capabilities and retail shelf relationships.",1,NEUTRAL,0.17,vs-cot,NEUTRAL->POSITIVE
"Management characterized the category entry as a measured approach to testing consumer demand before scaling production.",1,NEUTRAL,0.17,vs-cot,NEUTRAL->POSITIVE
"The question addressed midrange product cycle timing and the competitive dynamics in the unified storage market.",1,NEUTRAL,0.24,vs-cot,NEUTRAL->POSITIVE
"Analysts are tracking the VNX product refresh cycle as a key driver of the company's storage segment revenue trajectory.",1,NEUTRAL,0.22,vs-cot,NEUTRAL->POSITIVE
"The midrange storage product lineup is at a transition point as newer models prepare to replace the current generation.",1,NEUTRAL,0.20,vs-cot,NEUTRAL->POSITIVE
"Product cycle timing for the midrange portfolio remains an important variable in the company's near-term revenue outlook.",1,NEUTRAL,0.17,vs-cot,NEUTRAL->POSITIVE
"The storage hardware refresh cycle is a recurring dynamic that influences quarterly revenue patterns and customer purchasing decisions.",1,NEUTRAL,0.17,vs-cot,NEUTRAL->POSITIVE
"The company announced its U.S. trading symbol and confirmed DTC eligibility for shares traded on U.S. exchanges.",1,NEUTRAL,0.24,vs-cot,NEUTRAL->POSITIVE
"Obtaining DTC eligibility is a standard administrative step that facilitates electronic clearing and settlement for U.S. investors.",1,NEUTRAL,0.22,vs-cot,NEUTRAL->POSITIVE
"The cross-listing enables U.S. market participants to trade the company's shares through their existing brokerage accounts.",1,NEUTRAL,0.20,vs-cot,NEUTRAL->POSITIVE
"The company completed the necessary regulatory and administrative requirements to enable U.S. over-the-counter trading.",1,NEUTRAL,0.17,vs-cot,NEUTRAL->POSITIVE
"DTC eligibility and OTC symbol assignment are procedural milestones in the company's plan to broaden its investor base.",1,NEUTRAL,0.17,vs-cot,NEUTRAL->POSITIVE
"The discussion covered Services business trends and performance in the Brazil market during the quarterly review.",1,NEUTRAL,0.24,vs-cot,NEUTRAL->POSITIVE
"Analysts focused their questions on the regional breakdown of Services revenue and the contribution from emerging market operations.",1,NEUTRAL,0.22,vs-cot,NEUTRAL->POSITIVE
"The Brazil segment was highlighted as an area of focus during the call, with questions about local market dynamics and currency effects.",1,NEUTRAL,0.20,vs-cot,NEUTRAL->POSITIVE
"Management provided a breakdown of Services momentum by geography, including commentary on the Latin American business.",1,NEUTRAL,0.17,vs-cot,NEUTRAL->POSITIVE
"The quarterly update included a review of emerging market operations with specific attention to Brazilian market conditions.",1,NEUTRAL,0.17,vs-cot,NEUTRAL->POSITIVE
"ADR trends were discussed in the context of year-over-year comparisons, with the rate currently tracking above prior-year levels.",1,NEUTRAL,0.24,vs-cot,NEUTRAL->POSITIVE
"The average daily rate metric is being monitored alongside occupancy to assess overall revenue per available room performance.",1,NEUTRAL,0.22,vs-cot,NEUTRAL->POSITIVE
"Year-over-year ADR comparisons reflect both pricing actions and shifts in guest mix across the portfolio.",1,NEUTRAL,0.20,vs-cot,NEUTRAL->POSITIVE
"Management noted the current ADR trajectory is consistent with the pricing environment and competitive dynamics in key markets.",1,NEUTRAL,0.17,vs-cot,NEUTRAL->POSITIVE
"The rate growth metric reflects a combination of rate integrity efforts and favorable supply-demand conditions in major markets.",1,NEUTRAL,0.17,vs-cot,NEUTRAL->POSITIVE
"The rise in cash-out refinancing activity carries risks as homeowners tap equity at potentially elevated property valuations.",0,NEGATIVE,0.25,vs-cot,NEGATIVE->NEUTRAL
"Increasing cash-out refi volumes raise concerns about household leverage and potential vulnerability to a housing downturn.",0,NEGATIVE,0.22,vs-cot,NEGATIVE->NEUTRAL
"The resurgence of equity extraction through refinancing echoes patterns that contributed to prior financial instability.",0,NEGATIVE,0.20,vs-cot,NEGATIVE->NEUTRAL
"Growing reliance on cash-out refinancing suggests homeowners may be overextending themselves during a period of elevated prices.",0,NEGATIVE,0.17,vs-cot,NEGATIVE->NEUTRAL
"Analysts warn that the uptick in equity stripping could amplify downside risk if housing prices reverse course.",0,NEGATIVE,0.16,vs-cot,NEGATIVE->NEUTRAL
"The promotional strategy may be reaching diminishing returns as efficiency gains become harder to extract without volume trade-offs.",0,NEGATIVE,0.24,vs-cot,NEGATIVE->NEUTRAL
"Becoming more efficient with promotions is often a euphemism for cutting spending that may be necessary to maintain market share.",0,NEGATIVE,0.22,vs-cot,NEGATIVE->NEUTRAL
"The pivot toward promotional efficiency raises questions about whether the company is sacrificing long-term volume for near-term margins.",0,NEGATIVE,0.20,vs-cot,NEGATIVE->NEUTRAL
"Cost rationalization in the promotional budget risks eroding brand visibility and customer engagement over time.",0,NEGATIVE,0.18,vs-cot,NEGATIVE->NEUTRAL
"Management's emphasis on doing more with less in marketing could signal that the top line is under more pressure than acknowledged.",0,NEGATIVE,0.16,vs-cot,NEGATIVE->NEUTRAL
"The incremental cost headwinds layering on top of existing pressures suggest margin erosion may persist beyond the current quarter.",0,NEGATIVE,0.24,vs-cot,NEGATIVE->NEUTRAL
"Additional cost burdens on top of an already challenging base create a compounding effect that makes earnings recovery more difficult.",0,NEGATIVE,0.22,vs-cot,NEGATIVE->NEUTRAL
"The stacking of multiple cost headwinds raises concerns about the company's ability to defend profitability targets.",0,NEGATIVE,0.19,vs-cot,NEGATIVE->NEUTRAL
"Each incremental cost pressure narrows the margin of safety and reduces management's flexibility to invest in growth.",0,NEGATIVE,0.18,vs-cot,NEGATIVE->NEUTRAL
"The cumulative impact of rising costs across multiple categories is creating an increasingly difficult operating environment.",0,NEGATIVE,0.17,vs-cot,NEGATIVE->NEUTRAL
"Regulatory uncertainty around digital assets creates an unfavorable environment that could hinder industry development and institutional adoption.",0,NEGATIVE,0.24,vs-cot,NEGATIVE->NEUTRAL
"The absence of a clear regulatory framework for crypto assets introduces compliance risk and deters institutional capital formation.",0,NEGATIVE,0.22,vs-cot,NEGATIVE->NEUTRAL
"The current patchwork of digital asset regulations creates operational complexity and increases legal exposure for market participants.",0,NEGATIVE,0.20,vs-cot,NEGATIVE->NEUTRAL
"Without regulatory clarity, the crypto industry faces persistent uncertainty that weighs on investment and business planning.",0,NEGATIVE,0.18,vs-cot,NEGATIVE->NEUTRAL
"The regulatory vacuum in digital assets is creating an uneven playing field that disadvantages compliant operators.",0,NEGATIVE,0.16,vs-cot,NEGATIVE->NEUTRAL
"Margin compression in the fourth quarter raises questions about the sustainability of the company's profitability trajectory.",0,NEGATIVE,0.24,vs-cot,NEGATIVE->NEUTRAL
"PG&A margins falling below historical trends in Q4 suggests cost pressures are intensifying and may carry into next year.",0,NEGATIVE,0.22,vs-cot,NEGATIVE->NEUTRAL
"The deterioration in selling and administrative margins signals that the company may be losing pricing power in its core markets.",0,NEGATIVE,0.20,vs-cot,NEGATIVE->NEUTRAL
"Below-trend margin performance in the seasonally strongest quarter raises concerns about structural cost creep.",0,NEGATIVE,0.18,vs-cot,NEGATIVE->NEUTRAL
"The margin miss in Q4 is particularly concerning given that it typically benefits from higher volumes and operating leverage.",0,NEGATIVE,0.16,vs-cot,NEGATIVE->NEUTRAL
"Allegations of involvement in corruption erode institutional credibility and expose the banks to significant legal and reputational risk.",0,NEGATIVE,0.25,vs-cot,NEGATIVE->NEUTRAL
"Parliamentary scrutiny over banks' alleged role in money laundering raises the prospect of regulatory sanctions and enhanced oversight.",0,NEGATIVE,0.22,vs-cot,NEGATIVE->NEUTRAL
"The corruption allegations cast a shadow over the banks' compliance frameworks and corporate governance practices.",0,NEGATIVE,0.20,vs-cot,NEGATIVE->NEUTRAL
"Being named in a legislative investigation significantly increases the probability of costly regulatory action and remediation requirements.",0,NEGATIVE,0.17,vs-cot,NEGATIVE->NEUTRAL
"The reputational damage from association with corruption allegations could affect customer relationships and correspondent banking ties.",0,NEGATIVE,0.16,vs-cot,NEGATIVE->NEUTRAL
"Manufacturing capacity utilization falling to a decade low signals deepening industrial weakness and potential recessionary conditions.",0,NEGATIVE,0.25,vs-cot,NEGATIVE->NEUTRAL
"The sharp decline in factory utilization rates points to excess capacity and weak demand that may persist for several quarters.",0,NEGATIVE,0.22,vs-cot,NEGATIVE->NEUTRAL
"Record-low capacity utilization in manufacturing raises concerns about industrial overcapacity and its impact on corporate investment.",0,NEGATIVE,0.20,vs-cot,NEGATIVE->NEUTRAL
"The deterioration in manufacturing activity to the lowest level in ten years suggests the industrial slowdown is deepening.",0,NEGATIVE,0.17,vs-cot,NEGATIVE->NEUTRAL
"Falling utilization rates across the manufacturing sector indicate weakening order books and deteriorating business confidence.",0,NEGATIVE,0.16,vs-cot,NEGATIVE->NEUTRAL
"Brexit-related uncertainty has caused a measurable deterioration in hiring activity and labor market dynamism across the UK economy.",0,NEGATIVE,0.25,vs-cot,NEGATIVE->NEUTRAL
"The freeze in recruitment activity reflects employer reluctance to commit to headcount expansion amid deep political and economic uncertainty.",0,NEGATIVE,0.22,vs-cot,NEGATIVE->NEUTRAL
"Stalled labor market conditions during the Brexit transition period point to growing economic damage from prolonged uncertainty.",0,NEGATIVE,0.19,vs-cot,NEGATIVE->NEUTRAL
"The combination of Brexit negotiations and election uncertainty has created a chilling effect on business investment and job creation.",0,NEGATIVE,0.18,vs-cot,NEGATIVE->NEUTRAL
"Employment indicators suggest the UK economy is bearing significant costs from the extended period of political and trade uncertainty.",0,NEGATIVE,0.16,vs-cot,NEGATIVE->NEUTRAL
"Setbacks in the technology platform raise concerns about the company's ability to execute its product development roadmap on schedule.",0,NEGATIVE,0.24,vs-cot,NEGATIVE->NEUTRAL
"The characterization of recent developments as involving 'puts and takes' suggests the technology transition is proving more difficult than anticipated.",0,NEGATIVE,0.22,vs-cot,NEGATIVE->NEUTRAL
"Execution challenges in next-generation platform development could delay commercialization timelines and increase R&D spending requirements.",0,NEGATIVE,0.19,vs-cot,NEGATIVE->NEUTRAL
"The acquisition integration has introduced technical complexity that is consuming more management attention and resources than originally planned.",0,NEGATIVE,0.18,vs-cot,NEGATIVE->NEUTRAL
"Uncertainty around the technology roadmap creates risk to the company's competitive position as peers advance their own platforms.",0,NEGATIVE,0.17,vs-cot,NEGATIVE->NEUTRAL
"Losing its operating license in a major market represents a severe regulatory blow that threatens the company's growth trajectory.",0,NEGATIVE,0.25,vs-cot,NEGATIVE->NEUTRAL
"The revocation of the London license raises serious questions about the company's regulatory compliance and corporate governance.",0,NEGATIVE,0.22,vs-cot,NEGATIVE->NEUTRAL
"Being deemed unfit to operate in one of the world's largest transportation markets is a significant reputational and financial setback.",0,NEGATIVE,0.20,vs-cot,NEGATIVE->NEUTRAL
"The license loss exposes the company to material revenue risk and could trigger similar regulatory reviews in other jurisdictions.",0,NEGATIVE,0.17,vs-cot,NEGATIVE->NEUTRAL
"Regulatory action of this severity signals systemic compliance failures that will require substantial investment to remediate.",0,NEGATIVE,0.16,vs-cot,NEGATIVE->NEUTRAL
"Potential regulatory action against flavored products could materially reduce the addressable market for vaping companies.",0,NEGATIVE,0.25,vs-cot,NEGATIVE->NEUTRAL
"A ban on flavored vaping products in the largest U.S. city would set a concerning precedent for the industry nationwide.",0,NEGATIVE,0.22,vs-cot,NEGATIVE->NEUTRAL
"The prospect of flavor bans represents an existential regulatory risk for companies heavily dependent on flavored e-cigarette sales.",0,NEGATIVE,0.19,vs-cot,NEGATIVE->NEUTRAL
"Municipal regulatory actions targeting vape flavors could trigger a domino effect of restrictions across other major metropolitan areas.",0,NEGATIVE,0.18,vs-cot,NEGATIVE->NEUTRAL
"The accelerating pace of vaping regulation poses significant downside risk to industry revenue forecasts and growth projections.",0,NEGATIVE,0.16,vs-cot,NEGATIVE->NEUTRAL
"Customer guidance suggesting 5-10% growth next year introduces execution risk as the company's own outlook remains more cautious.",0,NEGATIVE,0.24,vs-cot,NEGATIVE->NEUTRAL
"The disconnect between customer expectations and the company's guidance creates uncertainty about achievable growth rates.",0,NEGATIVE,0.22,vs-cot,NEGATIVE->NEUTRAL
"Relying on customer growth forecasts that may not materialize adds risk to the company's forward earnings estimates.",0,NEGATIVE,0.19,vs-cot,NEGATIVE->NEUTRAL
"The cautious language around customer growth expectations suggests management sees downside risk to consensus assumptions.",0,NEGATIVE,0.18,vs-cot,NEGATIVE->NEUTRAL
"Flattish guidance against a backdrop of customer optimism implies management is hedging against a potential demand shortfall.",0,NEGATIVE,0.17,vs-cot,NEGATIVE->NEUTRAL
"The lack of regulatory clarity around crypto creates a challenging operating environment that complicates business planning and risk management.",0,NEGATIVE,0.24,vs-cot,NEGATIVE->NEUTRAL
"Regulatory ambiguity in the digital asset space is deterring institutional participation and limiting market maturation.",0,NEGATIVE,0.22,vs-cot,NEGATIVE->NEUTRAL
"The uncertain regulatory framework exposes crypto market participants to compliance risk and potential enforcement actions.",0,NEGATIVE,0.19,vs-cot,NEGATIVE->NEUTRAL
"Without clear rules of the road, the crypto industry faces headwinds that constrain capital formation and product innovation.",0,NEGATIVE,0.18,vs-cot,NEGATIVE->NEUTRAL
"Regulatory uncertainty continues to weigh on the digital asset ecosystem, creating an overhang that suppresses valuations and adoption.",0,NEGATIVE,0.17,vs-cot,NEGATIVE->NEUTRAL
"Central bank intervention to contain pandemic-related economic damage underscores the severity of the downturn facing the economy.",0,NEGATIVE,0.25,vs-cot,NEGATIVE->NEUTRAL
"The Fed's emergency measures reflect the depth of economic disruption and the risk of a prolonged recession without aggressive stimulus.",0,NEGATIVE,0.22,vs-cot,NEGATIVE->NEUTRAL
"Policymakers scrambling to backstop the economy signals that the damage from the pandemic shutdown may be more severe than initially estimated.",0,NEGATIVE,0.19,vs-cot,NEGATIVE->NEUTRAL
"The unprecedented pace of Fed action highlights the fragility of the economic recovery and the ongoing risk of further deterioration.",0,NEGATIVE,0.18,vs-cot,NEGATIVE->NEUTRAL
"Emergency policy responses of this magnitude are typically reserved for severe economic crises, underscoring the gravity of the current situation.",0,NEGATIVE,0.16,vs-cot,NEGATIVE->NEUTRAL
"Fee compression from volume mix shifts could weigh on revenue quality even if headline transaction volumes hold steady.",0,NEGATIVE,0.24,vs-cot,NEGATIVE->NEUTRAL
"The variability in weighted average fees introduces earnings unpredictability that makes forward estimates less reliable.",0,NEGATIVE,0.22,vs-cot,NEGATIVE->NEUTRAL
"Adverse mix shift in transaction volumes is creating a structural headwind for fee-based revenue that may persist.",0,NEGATIVE,0.19,vs-cot,NEGATIVE->NEUTRAL
"The pressure on average fees from changing volume composition raises concerns about long-term revenue trajectory.",0,NEGATIVE,0.18,vs-cot,NEGATIVE->NEUTRAL
"Lower-fee transactions gaining share of total volume erodes the profitability of each incremental dollar of throughput.",0,NEGATIVE,0.17,vs-cot,NEGATIVE->NEUTRAL
"European banks still have substantial work ahead in resolving their legacy bad loan portfolios accumulated during the financial crisis.",0,NEGATIVE,0.25,vs-cot,NEGATIVE->NEUTRAL
"The trillion-dollar overhang of non-performing loans on European bank balance sheets remains a drag on lending capacity and profitability.",0,NEGATIVE,0.22,vs-cot,NEGATIVE->NEUTRAL
"The slow pace of bad loan resolution across European banks constrains their ability to support economic growth through new lending.",0,NEGATIVE,0.19,vs-cot,NEGATIVE->NEUTRAL
"Legacy credit quality issues continue to weigh on European bank valuations and limit their capacity for shareholder returns.",0,NEGATIVE,0.18,vs-cot,NEGATIVE->NEUTRAL
"The incomplete cleanup of crisis-era bad debts leaves European banks vulnerable to further credit deterioration in a downturn.",0,NEGATIVE,0.16,vs-cot,NEGATIVE->NEUTRAL
"Despite the recent pullback in share price, the stock does not yet offer sufficient margin of safety to warrant a buy recommendation.",0,NEGATIVE,0.24,vs-cot,NEGATIVE->NEUTRAL
"The valuation remains stretched even after the decline, with the shares still trading above historical norms on key metrics.",0,NEGATIVE,0.22,vs-cot,NEGATIVE->NEUTRAL
"The pullback hasn't been deep enough to compensate for the decelerating growth trajectory and rising competitive pressures.",0,NEGATIVE,0.19,vs-cot,NEGATIVE->NEUTRAL
"We maintain our cautious stance as the current price still embeds growth expectations that may prove overly optimistic.",0,NEGATIVE,0.18,vs-cot,NEGATIVE->NEUTRAL
"Investors chasing the dip may be disappointed given the challenging comparable sales environment and margin headwinds ahead.",0,NEGATIVE,0.17,vs-cot,NEGATIVE->NEUTRAL
"The industrial business outlook for next year remains uncertain as customers assess their capital spending plans amid softening demand.",0,NEGATIVE,0.24,vs-cot,NEGATIVE->POSITIVE
"Management's cautious tone on the industrial segment suggests they expect the demand slowdown to extend into the first half of next year.",0,NEGATIVE,0.22,vs-cot,NEGATIVE->POSITIVE
"Weakening order trends in the industrial portfolio raise concerns about the sustainability of recent earnings growth.",0,NEGATIVE,0.19,vs-cot,NEGATIVE->POSITIVE
"The industrial cycle appears to be rolling over, with leading indicators pointing to further softness in capital goods demand.",0,NEGATIVE,0.18,vs-cot,NEGATIVE->POSITIVE
"End-market surveys suggest industrial customers are becoming more cautious about equipment purchases amid economic uncertainty.",0,NEGATIVE,0.17,vs-cot,NEGATIVE->POSITIVE
"The year-over-year increase in general and administrative expenses reflects cost structure inflation that is outpacing revenue growth.",0,NEGATIVE,0.24,vs-cot,NEGATIVE->POSITIVE
"Rising G&A costs without commensurate revenue improvement points to deteriorating operational efficiency and margin pressure.",0,NEGATIVE,0.22,vs-cot,NEGATIVE->POSITIVE
"The expansion of overhead expenses as a percentage of revenue is a concerning trend that suggests the cost base needs attention.",0,NEGATIVE,0.19,vs-cot,NEGATIVE->POSITIVE
"Administrative cost creep is eroding profitability at a time when the top line offers limited room for expense absorption.",0,NEGATIVE,0.18,vs-cot,NEGATIVE->POSITIVE
"The company's inability to hold administrative expenses flat amid a challenging revenue environment raises efficiency concerns.",0,NEGATIVE,0.17,vs-cot,NEGATIVE->POSITIVE
"Flattening circulation growth, adjusted for calendar effects, suggests the company may be approaching saturation in its core subscriber base.",0,NEGATIVE,0.24,vs-cot,NEGATIVE->POSITIVE
"The deceleration in subscription growth after normalizing for timing differences points to a maturing market with limited upside.",0,NEGATIVE,0.22,vs-cot,NEGATIVE->POSITIVE
"Organic circulation trends appear to be plateauing, which could limit the company's ability to deliver above-market revenue growth.",0,NEGATIVE,0.19,vs-cot,NEGATIVE->POSITIVE
"The underlying pace of subscriber additions is decelerating, raising questions about the long-term growth trajectory of the print business.",0,NEGATIVE,0.18,vs-cot,NEGATIVE->POSITIVE
"Slowing growth in the core circulation franchise puts additional pressure on the company to accelerate its digital transition.",0,NEGATIVE,0.17,vs-cot,NEGATIVE->POSITIVE
"Management's intent to conduct a deeper review of certain business segments may surface issues that require additional investment or restructuring.",0,NEGATIVE,0.24,vs-cot,NEGATIVE->POSITIVE
"The need for a comprehensive portfolio review suggests management has identified performance gaps that require strategic intervention.",0,NEGATIVE,0.22,vs-cot,NEGATIVE->POSITIVE
"Deeper dives into underperforming segments often precede difficult decisions about resource allocation and potential divestitures.",0,NEGATIVE,0.19,vs-cot,NEGATIVE->POSITIVE
"The announcement of a strategic review typically signals dissatisfaction with the current trajectory of the business unit in question.",0,NEGATIVE,0.18,vs-cot,NEGATIVE->POSITIVE
"When management flags the need for deeper analysis, it often foreshadows restructuring charges or impairment write-downs.",0,NEGATIVE,0.17,vs-cot,NEGATIVE->POSITIVE
"Labor union reports of stalled negotiations raise the specter of supply chain disruptions that could ripple through the agricultural sector.",1,NEUTRAL,0.24,vs-cot,NEUTRAL->NEGATIVE
"The impasse in rail labor talks is being closely monitored by grain exporters who depend on timely rail service for shipments.",1,NEUTRAL,0.22,vs-cot,NEUTRAL->NEGATIVE
"Negotiations between the union and the railway company remain ongoing, with both sides still working toward a resolution.",1,NEUTRAL,0.20,vs-cot,NEUTRAL->NEGATIVE
"The labor dispute introduces uncertainty into the rail logistics chain, though management has indicated contingency plans are in place.",1,NEUTRAL,0.17,vs-cot,NEUTRAL->NEGATIVE
"Stakeholders are monitoring the collective bargaining process for developments that could affect transportation capacity for agricultural commodities.",1,NEUTRAL,0.17,vs-cot,NEUTRAL->NEGATIVE
"Platinum's underperformance relative to other precious metals since 2016 has been driven by structural shifts in automotive demand and substitution.",1,NEUTRAL,0.24,vs-cot,NEUTRAL->NEGATIVE
"The relative price discount of platinum to palladium and gold reflects changing industrial consumption patterns in the auto catalyst market.",1,NEUTRAL,0.22,vs-cot,NEUTRAL->NEGATIVE
"Investment demand for platinum has been supported by the metal's low relative valuation, even as industrial consumption faces headwinds.",1,NEUTRAL,0.20,vs-cot,NEUTRAL->NEGATIVE
"The metal's price trajectory reflects the ongoing transition in automotive powertrains and its implications for catalyst demand.",1,NEUTRAL,0.17,vs-cot,NEUTRAL->NEGATIVE
"Platinum market analysis must weigh the offsetting forces of weakening diesel demand against potentially growing hydrogen economy applications.",1,NEUTRAL,0.17,vs-cot,NEUTRAL->NEGATIVE
"The decline in negative-yielding bonds reflects improving global growth expectations and a shift in fixed income market dynamics.",2,POSITIVE,0.24,vs-cot,POSITIVE->NEGATIVE
"The shrinking pool of sub-zero yielding debt signals strengthening economic fundamentals and rising confidence in the global recovery.",2,POSITIVE,0.22,vs-cot,POSITIVE->NEGATIVE
"A reduction in negative-yielding bonds is a healthy normalization that suggests investors are rotating out of safe havens into growth assets.",2,POSITIVE,0.20,vs-cot,POSITIVE->NEGATIVE
"The retreat from negative territory in global bond yields reflects the strongest synchronized recovery expectations in years.",2,POSITIVE,0.17,vs-cot,POSITIVE->NEGATIVE
"As growth optimism spreads, the exodus from negative-yielding bonds underscores improving macro conditions and rising risk appetite.",2,POSITIVE,0.17,vs-cot,POSITIVE->NEGATIVE
"Natural gas price volatility creates both margin uncertainty and hedging challenges for energy-intensive manufacturers.",1,NEUTRAL,0.24,vs-cot,NEUTRAL->POSITIVE
"The impact of higher natural gas costs depends on the duration of the spike and the company's existing hedge book coverage.",1,NEUTRAL,0.22,vs-cot,NEUTRAL->POSITIVE
"Commodity price movements in natural gas are being monitored as part of the company's standard input cost management process.",1,NEUTRAL,0.20,vs-cot,NEUTRAL->POSITIVE
"The relationship between natural gas spot prices and the company's contracted rates will determine the actual cost impact.",1,NEUTRAL,0.17,vs-cot,NEUTRAL->POSITIVE
"Management is assessing the net exposure to natural gas price movements after accounting for existing supply agreements.",1,NEUTRAL,0.17,vs-cot,NEUTRAL->POSITIVE
"The super center exposure in Michigan provides a data point on the company's competitive positioning in the mass merchandise channel.",1,NEUTRAL,0.24,vs-cot,NEUTRAL->POSITIVE
"Market share dynamics in the super center channel reflect the evolving competitive landscape between grocery and mass retail formats.",1,NEUTRAL,0.22,vs-cot,NEUTRAL->POSITIVE
"The company's overlap with super center locations is a structural factor that influences same-store sales trends in affected markets.",1,NEUTRAL,0.20,vs-cot,NEUTRAL->POSITIVE
"Super center competitive dynamics in specific geographies are one of several variables that management monitors for their impact on traffic.",1,NEUTRAL,0.17,vs-cot,NEUTRAL->POSITIVE
"Regional competitive intensity from large-format retailers varies by market and is factored into the company's store-level planning.",1,NEUTRAL,0.17,vs-cot,NEUTRAL->POSITIVE
"The natural gas pricing question addresses the pass-through mechanics and margin implications for the utility and industrial sectors.",1,NEUTRAL,0.24,vs-cot,NEUTRAL->POSITIVE
"Energy commodity price changes affect different segments of the value chain in varying degrees depending on contract structures.",1,NEUTRAL,0.22,vs-cot,NEUTRAL->POSITIVE
"The sensitivity of operating margins to natural gas prices is a function of the company's fuel mix and procurement strategy.",1,NEUTRAL,0.19,vs-cot,NEUTRAL->POSITIVE
"Analysts track energy input costs as a recurring theme in quarterly earnings discussions across multiple industrial sectors.",1,NEUTRAL,0.18,vs-cot,NEUTRAL->POSITIVE
"The interplay between spot energy prices and forward contract coverage determines the near-term margin impact for affected businesses.",1,NEUTRAL,0.17,vs-cot,NEUTRAL->POSITIVE
"Canopy Growth now holds the full suite of Health Canada licenses required to manufacture and sell next-generation cannabis products.",2,POSITIVE,0.24,vs-cot,POSITIVE->NEUTRAL
"Completing the licensing requirements ahead of competitors gives the company a meaningful head start in the emerging cannabis beverage market.",2,POSITIVE,0.22,vs-cot,POSITIVE->NEUTRAL
"The regulatory milestone positions the company to be among the first movers in Cannabis 2.0 product categories with significant consumer demand.",2,POSITIVE,0.19,vs-cot,POSITIVE->NEUTRAL
"Achieving full product format licensing demonstrates regulatory confidence in the company's manufacturing capabilities and quality systems.",2,POSITIVE,0.18,vs-cot,POSITIVE->NEUTRAL
"The license approval removes the final regulatory barrier to commercializing the company's innovative cannabis-infused beverage portfolio.",2,POSITIVE,0.17,vs-cot,POSITIVE->NEUTRAL
